repo_owner,repo_name,contributor_login,contributions,login,id,node_id,avatar_url,gravatar_id,url,html_url,followers_url,following_url,gists_url,starred_url,subscriptions_url,organizations_url,repos_url,events_url,received_events_url,type,user_view_type,site_admin,contributions
ejh243,BrainFANS,aspides-js,232,aspides-js,73300245,MDQ6VXNlcjczMzAwMjQ1,https://avatars.githubusercontent.com/u/73300245?v=4,,https://api.github.com/users/aspides-js,https://github.com/aspides-js,https://api.github.com/users/aspides-js/followers,https://api.github.com/users/aspides-js/following{/other_user},https://api.github.com/users/aspides-js/gists{/gist_id},https://api.github.com/users/aspides-js/starred{/owner}{/repo},https://api.github.com/users/aspides-js/subscriptions,https://api.github.com/users/aspides-js/orgs,https://api.github.com/users/aspides-js/repos,https://api.github.com/users/aspides-js/events{/privacy},https://api.github.com/users/aspides-js/received_events,User,public,False,232
ejh243,BrainFANS,sof202,123,sof202,147140110,U_kgDOCMUuDg,https://avatars.githubusercontent.com/u/147140110?v=4,,https://api.github.com/users/sof202,https://github.com/sof202,https://api.github.com/users/sof202/followers,https://api.github.com/users/sof202/following{/other_user},https://api.github.com/users/sof202/gists{/gist_id},https://api.github.com/users/sof202/starred{/owner}{/repo},https://api.github.com/users/sof202/subscriptions,https://api.github.com/users/sof202/orgs,https://api.github.com/users/sof202/repos,https://api.github.com/users/sof202/events{/privacy},https://api.github.com/users/sof202/received_events,User,public,False,123
ejh243,BrainFANS,marinafloresp,61,marinafloresp,71663779,MDQ6VXNlcjcxNjYzNzc5,https://avatars.githubusercontent.com/u/71663779?v=4,,https://api.github.com/users/marinafloresp,https://github.com/marinafloresp,https://api.github.com/users/marinafloresp/followers,https://api.github.com/users/marinafloresp/following{/other_user},https://api.github.com/users/marinafloresp/gists{/gist_id},https://api.github.com/users/marinafloresp/starred{/owner}{/repo},https://api.github.com/users/marinafloresp/subscriptions,https://api.github.com/users/marinafloresp/orgs,https://api.github.com/users/marinafloresp/repos,https://api.github.com/users/marinafloresp/events{/privacy},https://api.github.com/users/marinafloresp/received_events,User,public,False,61
ejh243,BrainFANS,ejh243,19,ejh243,5922995,MDQ6VXNlcjU5MjI5OTU=,https://avatars.githubusercontent.com/u/5922995?v=4,,https://api.github.com/users/ejh243,https://github.com/ejh243,https://api.github.com/users/ejh243/followers,https://api.github.com/users/ejh243/following{/other_user},https://api.github.com/users/ejh243/gists{/gist_id},https://api.github.com/users/ejh243/starred{/owner}{/repo},https://api.github.com/users/ejh243/subscriptions,https://api.github.com/users/ejh243/orgs,https://api.github.com/users/ejh243/repos,https://api.github.com/users/ejh243/events{/privacy},https://api.github.com/users/ejh243/received_events,User,public,False,19
ejh243,BrainFANS,dependabot[bot],14,dependabot[bot],49699333,MDM6Qm90NDk2OTkzMzM=,https://avatars.githubusercontent.com/in/29110?v=4,,https://api.github.com/users/dependabot%5Bbot%5D,https://github.com/apps/dependabot,https://api.github.com/users/dependabot%5Bbot%5D/followers,https://api.github.com/users/dependabot%5Bbot%5D/following{/other_user},https://api.github.com/users/dependabot%5Bbot%5D/gists{/gist_id},https://api.github.com/users/dependabot%5Bbot%5D/starred{/owner}{/repo},https://api.github.com/users/dependabot%5Bbot%5D/subscriptions,https://api.github.com/users/dependabot%5Bbot%5D/orgs,https://api.github.com/users/dependabot%5Bbot%5D/repos,https://api.github.com/users/dependabot%5Bbot%5D/events{/privacy},https://api.github.com/users/dependabot%5Bbot%5D/received_events,Bot,public,False,14
ejh243,BrainFANS,ew367,9,ew367,44901334,MDQ6VXNlcjQ0OTAxMzM0,https://avatars.githubusercontent.com/u/44901334?v=4,,https://api.github.com/users/ew367,https://github.com/ew367,https://api.github.com/users/ew367/followers,https://api.github.com/users/ew367/following{/other_user},https://api.github.com/users/ew367/gists{/gist_id},https://api.github.com/users/ew367/starred{/owner}{/repo},https://api.github.com/users/ew367/subscriptions,https://api.github.com/users/ew367/orgs,https://api.github.com/users/ew367/repos,https://api.github.com/users/ew367/events{/privacy},https://api.github.com/users/ew367/received_events,User,public,False,9
ejh243,BrainFANS,SiyiSEA,5,SiyiSEA,94650709,U_kgDOBaRBVQ,https://avatars.githubusercontent.com/u/94650709?v=4,,https://api.github.com/users/SiyiSEA,https://github.com/SiyiSEA,https://api.github.com/users/SiyiSEA/followers,https://api.github.com/users/SiyiSEA/following{/other_user},https://api.github.com/users/SiyiSEA/gists{/gist_id},https://api.github.com/users/SiyiSEA/starred{/owner}{/repo},https://api.github.com/users/SiyiSEA/subscriptions,https://api.github.com/users/SiyiSEA/orgs,https://api.github.com/users/SiyiSEA/repos,https://api.github.com/users/SiyiSEA/events{/privacy},https://api.github.com/users/SiyiSEA/received_events,User,public,False,5
ejh243,BrainFANS,Aisha-D,2,Aisha-D,45298626,MDQ6VXNlcjQ1Mjk4NjI2,https://avatars.githubusercontent.com/u/45298626?v=4,,https://api.github.com/users/Aisha-D,https://github.com/Aisha-D,https://api.github.com/users/Aisha-D/followers,https://api.github.com/users/Aisha-D/following{/other_user},https://api.github.com/users/Aisha-D/gists{/gist_id},https://api.github.com/users/Aisha-D/starred{/owner}{/repo},https://api.github.com/users/Aisha-D/subscriptions,https://api.github.com/users/Aisha-D/orgs,https://api.github.com/users/Aisha-D/repos,https://api.github.com/users/Aisha-D/events{/privacy},https://api.github.com/users/Aisha-D/received_events,User,public,False,2
ejh243,BrainFANS,rhaigh5,2,rhaigh5,122609379,U_kgDOB07e4w,https://avatars.githubusercontent.com/u/122609379?v=4,,https://api.github.com/users/rhaigh5,https://github.com/rhaigh5,https://api.github.com/users/rhaigh5/followers,https://api.github.com/users/rhaigh5/following{/other_user},https://api.github.com/users/rhaigh5/gists{/gist_id},https://api.github.com/users/rhaigh5/starred{/owner}{/repo},https://api.github.com/users/rhaigh5/subscriptions,https://api.github.com/users/rhaigh5/orgs,https://api.github.com/users/rhaigh5/repos,https://api.github.com/users/rhaigh5/events{/privacy},https://api.github.com/users/rhaigh5/received_events,User,public,False,2
ejh243,BrainFANS,rb520826,1,rb520826,66090379,MDQ6VXNlcjY2MDkwMzc5,https://avatars.githubusercontent.com/u/66090379?v=4,,https://api.github.com/users/rb520826,https://github.com/rb520826,https://api.github.com/users/rb520826/followers,https://api.github.com/users/rb520826/following{/other_user},https://api.github.com/users/rb520826/gists{/gist_id},https://api.github.com/users/rb520826/starred{/owner}{/repo},https://api.github.com/users/rb520826/subscriptions,https://api.github.com/users/rb520826/orgs,https://api.github.com/users/rb520826/repos,https://api.github.com/users/rb520826/events{/privacy},https://api.github.com/users/rb520826/received_events,User,public,False,1
ejh243,BrainFANS,gtw99,1,gtw99,189604030,U_kgDOC00gvg,https://avatars.githubusercontent.com/u/189604030?v=4,,https://api.github.com/users/gtw99,https://github.com/gtw99,https://api.github.com/users/gtw99/followers,https://api.github.com/users/gtw99/following{/other_user},https://api.github.com/users/gtw99/gists{/gist_id},https://api.github.com/users/gtw99/starred{/owner}{/repo},https://api.github.com/users/gtw99/subscriptions,https://api.github.com/users/gtw99/orgs,https://api.github.com/users/gtw99/repos,https://api.github.com/users/gtw99/events{/privacy},https://api.github.com/users/gtw99/received_events,User,public,False,1
ejh243,BrainFANS,alicemfr,1,alicemfr,104426338,U_kgDOBjlrYg,https://avatars.githubusercontent.com/u/104426338?v=4,,https://api.github.com/users/alicemfr,https://github.com/alicemfr,https://api.github.com/users/alicemfr/followers,https://api.github.com/users/alicemfr/following{/other_user},https://api.github.com/users/alicemfr/gists{/gist_id},https://api.github.com/users/alicemfr/starred{/owner}{/repo},https://api.github.com/users/alicemfr/subscriptions,https://api.github.com/users/alicemfr/orgs,https://api.github.com/users/alicemfr/repos,https://api.github.com/users/alicemfr/events{/privacy},https://api.github.com/users/alicemfr/received_events,User,public,False,1
ejh243,BrainFANS,NiCl2,1,NiCl2,8607077,MDQ6VXNlcjg2MDcwNzc=,https://avatars.githubusercontent.com/u/8607077?v=4,,https://api.github.com/users/NiCl2,https://github.com/NiCl2,https://api.github.com/users/NiCl2/followers,https://api.github.com/users/NiCl2/following{/other_user},https://api.github.com/users/NiCl2/gists{/gist_id},https://api.github.com/users/NiCl2/starred{/owner}{/repo},https://api.github.com/users/NiCl2/subscriptions,https://api.github.com/users/NiCl2/orgs,https://api.github.com/users/NiCl2/repos,https://api.github.com/users/NiCl2/events{/privacy},https://api.github.com/users/NiCl2/received_events,User,public,False,1
ejh243,BrainFANS,MartynFrith,1,MartynFrith,80049631,MDQ6VXNlcjgwMDQ5NjMx,https://avatars.githubusercontent.com/u/80049631?v=4,,https://api.github.com/users/MartynFrith,https://github.com/MartynFrith,https://api.github.com/users/MartynFrith/followers,https://api.github.com/users/MartynFrith/following{/other_user},https://api.github.com/users/MartynFrith/gists{/gist_id},https://api.github.com/users/MartynFrith/starred{/owner}{/repo},https://api.github.com/users/MartynFrith/subscriptions,https://api.github.com/users/MartynFrith/orgs,https://api.github.com/users/MartynFrith/repos,https://api.github.com/users/MartynFrith/events{/privacy},https://api.github.com/users/MartynFrith/received_events,User,public,False,1
ejh243,BrainFANS,eld211,1,eld211,19589565,MDQ6VXNlcjE5NTg5NTY1,https://avatars.githubusercontent.com/u/19589565?v=4,,https://api.github.com/users/eld211,https://github.com/eld211,https://api.github.com/users/eld211/followers,https://api.github.com/users/eld211/following{/other_user},https://api.github.com/users/eld211/gists{/gist_id},https://api.github.com/users/eld211/starred{/owner}{/repo},https://api.github.com/users/eld211/subscriptions,https://api.github.com/users/eld211/orgs,https://api.github.com/users/eld211/repos,https://api.github.com/users/eld211/events{/privacy},https://api.github.com/users/eld211/received_events,User,public,False,1
ejh243,BrainFANS,bethan-mallabar-rimmer,1,bethan-mallabar-rimmer,148891983,U_kgDOCN_pTw,https://avatars.githubusercontent.com/u/148891983?v=4,,https://api.github.com/users/bethan-mallabar-rimmer,https://github.com/bethan-mallabar-rimmer,https://api.github.com/users/bethan-mallabar-rimmer/followers,https://api.github.com/users/bethan-mallabar-rimmer/following{/other_user},https://api.github.com/users/bethan-mallabar-rimmer/gists{/gist_id},https://api.github.com/users/bethan-mallabar-rimmer/starred{/owner}{/repo},https://api.github.com/users/bethan-mallabar-rimmer/subscriptions,https://api.github.com/users/bethan-mallabar-rimmer/orgs,https://api.github.com/users/bethan-mallabar-rimmer/repos,https://api.github.com/users/bethan-mallabar-rimmer/events{/privacy},https://api.github.com/users/bethan-mallabar-rimmer/received_events,User,public,False,1
ejh243,BrainFANS,AnthonyKl98,1,AnthonyKl98,85745703,MDQ6VXNlcjg1NzQ1NzAz,https://avatars.githubusercontent.com/u/85745703?v=4,,https://api.github.com/users/AnthonyKl98,https://github.com/AnthonyKl98,https://api.github.com/users/AnthonyKl98/followers,https://api.github.com/users/AnthonyKl98/following{/other_user},https://api.github.com/users/AnthonyKl98/gists{/gist_id},https://api.github.com/users/AnthonyKl98/starred{/owner}{/repo},https://api.github.com/users/AnthonyKl98/subscriptions,https://api.github.com/users/AnthonyKl98/orgs,https://api.github.com/users/AnthonyKl98/repos,https://api.github.com/users/AnthonyKl98/events{/privacy},https://api.github.com/users/AnthonyKl98/received_events,User,public,False,1
