login,avatarUrl,url,starredAt
dpolychr,https://avatars.githubusercontent.com/u/5985864?u=5aec1830a374a248e27d3a902a9ec8f0a3264cb2&v=4,https://github.com/dpolychr,2017-04-27T18:51:36Z
akdemirlab,https://avatars.githubusercontent.com/u/10368164?u=47fa3ee3851d075b5df0276999b61b1475e4cb46&v=4,https://github.com/akdemirlab,2017-05-01T15:07:47Z
AstreChen,https://avatars.githubusercontent.com/u/20737814?u=d95d07643f80cbd789fc3a779b33359a786d9e1f&v=4,https://github.com/AstreChen,2018-02-28T02:50:12Z
joergen7,https://avatars.githubusercontent.com/u/3183595?u=c6db295faf396cf9081dd6cff509c53a5cf44723&v=4,https://github.com/joergen7,2018-03-13T12:54:57Z
m7chen,https://avatars.githubusercontent.com/u/37365589?v=4,https://github.com/m7chen,2018-03-14T09:38:14Z
wisekh6,https://avatars.githubusercontent.com/u/3599405?v=4,https://github.com/wisekh6,2018-04-26T23:47:52Z
eneskemalergin,https://avatars.githubusercontent.com/u/7672473?u=f8126d1cd924ebe6521d89ec1e7e5bf5ae799a39&v=4,https://github.com/eneskemalergin,2018-04-27T21:09:43Z
sridhar0605,https://avatars.githubusercontent.com/u/13422225?u=c4988464b48c03355eee787030f6b9430dd0712d&v=4,https://github.com/sridhar0605,2018-04-28T22:54:50Z
zhou-ran,https://avatars.githubusercontent.com/u/15224084?v=4,https://github.com/zhou-ran,2018-04-29T03:53:00Z
yangj9932,https://avatars.githubusercontent.com/u/36847090?u=fc1ce655636e7cbc422919bf92c21c6461880bd7&v=4,https://github.com/yangj9932,2018-06-11T04:40:50Z
chenziru,https://avatars.githubusercontent.com/u/21326670?u=60f5ca030bfdc6664411e02ca9c5b3b66d697121&v=4,https://github.com/chenziru,2018-06-13T13:13:21Z
xiaoyulei0406,https://avatars.githubusercontent.com/u/35609300?v=4,https://github.com/xiaoyulei0406,2018-06-19T16:21:17Z
willingc,https://avatars.githubusercontent.com/u/2680980?u=fac9f57d6b4c5da85cd600eddb4c7a1c0ad15b63&v=4,https://github.com/willingc,2018-06-30T23:54:54Z
kipkurui,https://avatars.githubusercontent.com/u/3762127?u=626d74c4b4c5bc6aea5786bc29772048ee7ec08b&v=4,https://github.com/kipkurui,2018-08-23T15:38:38Z
sk-sahu,https://avatars.githubusercontent.com/u/23085664?u=94d3c69ccdba7f57fb16b0805613f982ce472121&v=4,https://github.com/sk-sahu,2018-09-25T06:51:09Z
LiuJeremy,https://avatars.githubusercontent.com/u/32067566?u=b16877722074c75ab577b81d8aa8ded133c8825e&v=4,https://github.com/LiuJeremy,2018-09-28T03:58:33Z
tpall,https://avatars.githubusercontent.com/u/4815910?u=ba9d77a0bf57bb7ee3631f5e85df8fbd39f43902&v=4,https://github.com/tpall,2018-10-03T19:36:10Z
snashraf,https://avatars.githubusercontent.com/u/4346935?v=4,https://github.com/snashraf,2018-12-30T15:13:44Z
mauriziopaul,https://avatars.githubusercontent.com/u/8451471?u=f0668ef4c9fd7d5de8c7d977eedcabdeb152d3cc&v=4,https://github.com/mauriziopaul,2019-01-31T20:29:45Z
Gant61,https://avatars.githubusercontent.com/u/42825362?v=4,https://github.com/Gant61,2019-02-23T16:17:38Z
amirshams84,https://avatars.githubusercontent.com/u/13320664?u=cc0db63b5c9b1b5abf17e587a4950c6b07044102&v=4,https://github.com/amirshams84,2019-03-20T17:27:51Z
mjsteinbaugh,https://avatars.githubusercontent.com/u/1760218?v=4,https://github.com/mjsteinbaugh,2019-05-03T17:13:55Z
MuhammedHasan,https://avatars.githubusercontent.com/u/7699903?u=5fc35e0b744841b3715ad299dab4b135e286ca64&v=4,https://github.com/MuhammedHasan,2019-05-17T03:18:03Z
samesense,https://avatars.githubusercontent.com/u/223223?v=4,https://github.com/samesense,2019-05-20T14:58:18Z
cyang235,https://avatars.githubusercontent.com/u/10998841?v=4,https://github.com/cyang235,2019-05-28T05:59:29Z
marcjwilliams1,https://avatars.githubusercontent.com/u/9133916?v=4,https://github.com/marcjwilliams1,2019-06-01T17:26:03Z
timedreamer,https://avatars.githubusercontent.com/u/6330709?u=e0b03e3e36a310d120485f5f614bb895b3d74733&v=4,https://github.com/timedreamer,2019-06-11T03:44:42Z
WeiSong-bio,https://avatars.githubusercontent.com/u/52528414?u=990ecc9fa7b4a59bbeef142f1c2285ea624a1560&v=4,https://github.com/WeiSong-bio,2019-07-05T11:17:16Z
WilliamMajanja-zz,https://avatars.githubusercontent.com/u/18480700?u=da3257d2e4f874dcc8bc5a3a72e938ce86271776&v=4,https://github.com/WilliamMajanja-zz,2019-07-14T08:29:21Z
Jome0169,https://avatars.githubusercontent.com/u/8882330?u=d9f642f604d1f4e6d8df95dc65b363b9067182e7&v=4,https://github.com/Jome0169,2019-08-02T20:41:22Z
gsx-ucas,https://avatars.githubusercontent.com/u/37802226?u=3d37c2633ddf808c18e17601bacd5ea0cd210f3e&v=4,https://github.com/gsx-ucas,2019-08-05T02:03:02Z
jkobject,https://avatars.githubusercontent.com/u/17239533?u=d4f70cb8f0ba581fc8cde89845dd238cba4e154c&v=4,https://github.com/jkobject,2019-08-08T20:22:19Z
chengfeijiang,https://avatars.githubusercontent.com/u/19644815?v=4,https://github.com/chengfeijiang,2019-08-13T00:51:28Z
sakethsaxena,https://avatars.githubusercontent.com/u/23029594?u=7910f97ec4adb9864094b4bd79c7a1ee0c06d0e5&v=4,https://github.com/sakethsaxena,2019-09-07T03:01:42Z
xueyibo,https://avatars.githubusercontent.com/u/34256310?u=909a68dce08f260758466774e7300a1dda892a9b&v=4,https://github.com/xueyibo,2019-10-06T00:34:22Z
satyanarayan-rao,https://avatars.githubusercontent.com/u/7841591?u=ec16b59e91a52b30f0440e388f419592c354b2a5&v=4,https://github.com/satyanarayan-rao,2019-10-07T12:01:09Z
flying-polarbear,https://avatars.githubusercontent.com/u/48006594?v=4,https://github.com/flying-polarbear,2019-10-25T02:21:27Z
xjyx,https://avatars.githubusercontent.com/u/45664927?u=e9c5d03b903b75890464118e8b9aea515f354f2b&v=4,https://github.com/xjyx,2019-12-29T09:45:01Z
jmzeng1314,https://avatars.githubusercontent.com/u/14884487?u=eb202bdfe76109f4c9909894f8cda74fbba18529&v=4,https://github.com/jmzeng1314,2019-12-30T06:12:23Z
ShixiangWang,https://avatars.githubusercontent.com/u/25057508?u=a855b7985c412f519141b4eb9a73cf5e35b00847&v=4,https://github.com/ShixiangWang,2019-12-30T16:40:54Z
kang9527,https://avatars.githubusercontent.com/u/59525855?v=4,https://github.com/kang9527,2020-01-05T08:29:58Z
qsh7950,https://avatars.githubusercontent.com/u/52809971?u=e896e50684b3a57482edc1ec0dba5c1f0f7d9542&v=4,https://github.com/qsh7950,2020-01-11T22:40:23Z
yesicheng2018m,https://avatars.githubusercontent.com/u/43527236?v=4,https://github.com/yesicheng2018m,2020-01-13T08:45:30Z
hanainamerica,https://avatars.githubusercontent.com/u/21248574?u=f83960cf0b215d9263a13461c0d0e4a991d24142&v=4,https://github.com/hanainamerica,2020-01-31T06:17:59Z
wangwl,https://avatars.githubusercontent.com/u/5238083?v=4,https://github.com/wangwl,2020-02-23T16:45:14Z
yuan102379,https://avatars.githubusercontent.com/u/49116734?u=3b5c9d16fc22be026a29eb6ed403eb2659e603f8&v=4,https://github.com/yuan102379,2020-02-24T03:24:05Z
Travis13197,https://avatars.githubusercontent.com/u/50759832?v=4,https://github.com/Travis13197,2020-03-03T07:48:19Z
wyq977,https://avatars.githubusercontent.com/u/27303600?v=4,https://github.com/wyq977,2020-04-04T03:17:48Z
RW50,https://avatars.githubusercontent.com/u/62875689?v=4,https://github.com/RW50,2020-04-13T09:47:01Z
typekey,https://avatars.githubusercontent.com/u/34068158?u=e986cd4323cbfe71874b5d16ae48ca844fc853cf&v=4,https://github.com/typekey,2020-04-13T13:13:03Z
owenwilkins,https://avatars.githubusercontent.com/u/17816328?u=420dff4c8791ae9f4ae851c78144bb7b0d6359a1&v=4,https://github.com/owenwilkins,2020-04-14T14:43:31Z
chuckbyron,https://avatars.githubusercontent.com/u/32099173?v=4,https://github.com/chuckbyron,2020-04-19T00:55:28Z
compbioNJU,https://avatars.githubusercontent.com/u/59276844?v=4,https://github.com/compbioNJU,2020-04-29T15:36:19Z
jlevy44,https://avatars.githubusercontent.com/u/19698023?u=528ec49e5666af232720ab9572b2ce8b96efefa6&v=4,https://github.com/jlevy44,2020-05-03T23:21:22Z
jrhawley,https://avatars.githubusercontent.com/u/6157112?u=6838ff70307d1892f92a629ca5aad38f3a0ad9cd&v=4,https://github.com/jrhawley,2020-05-25T14:11:49Z
quzp,https://avatars.githubusercontent.com/u/15124349?u=2cb5cea80a53e5ee5515a25c5c2a1b1b2d299af6&v=4,https://github.com/quzp,2020-05-26T21:26:57Z
Wangchangsh,https://avatars.githubusercontent.com/u/52489660?u=3388c201ed99a11bd554942420c6e1ef6d9fffe9&v=4,https://github.com/Wangchangsh,2020-06-18T11:39:22Z
ashencxt,https://avatars.githubusercontent.com/u/65023025?v=4,https://github.com/ashencxt,2020-06-29T13:00:00Z
endrebak,https://avatars.githubusercontent.com/u/17778898?u=8d33c3ccc6c73b1e5faaec6f019dd9ccc3317f0b&v=4,https://github.com/endrebak,2020-06-30T07:32:54Z
wulabupenn,https://avatars.githubusercontent.com/u/33881425?v=4,https://github.com/wulabupenn,2020-07-04T00:02:23Z
maligang,https://avatars.githubusercontent.com/u/31635861?v=4,https://github.com/maligang,2020-07-26T12:05:32Z
sunilnahata,https://avatars.githubusercontent.com/u/16009446?v=4,https://github.com/sunilnahata,2020-08-15T14:51:18Z
christinejoyce2,https://avatars.githubusercontent.com/u/56769960?v=4,https://github.com/christinejoyce2,2020-08-25T23:39:40Z
trmwzm,https://avatars.githubusercontent.com/u/627692?v=4,https://github.com/trmwzm,2020-09-11T16:41:29Z
zqzneptune,https://avatars.githubusercontent.com/u/5545472?u=0fc96e2793d984c44a281f150bda69ef5cde9863&v=4,https://github.com/zqzneptune,2020-10-17T03:24:17Z
zhang-jiankun,https://avatars.githubusercontent.com/u/37240939?u=b3c6b13cdc8cb1f8fe003005e8b83fe4d2c3e832&v=4,https://github.com/zhang-jiankun,2020-11-14T15:56:13Z
GMFranceschini,https://avatars.githubusercontent.com/u/26085801?u=4a4fd375f90ae1291d7d82cea48e0b94e5cd6e96&v=4,https://github.com/GMFranceschini,2020-11-29T12:25:48Z
chenyuqiao1,https://avatars.githubusercontent.com/u/42920953?v=4,https://github.com/chenyuqiao1,2021-01-01T09:52:52Z
Accio,https://avatars.githubusercontent.com/u/1397024?u=7a4371b8106d85d8d74d9cd884b62a465c0e4ee4&v=4,https://github.com/Accio,2021-01-12T09:27:54Z
ggfengxuan,https://avatars.githubusercontent.com/u/20772501?u=d16166850fcaa8cc4ff1cfb551a2b931f98f10ae&v=4,https://github.com/ggfengxuan,2021-01-23T12:24:33Z
here0009,https://avatars.githubusercontent.com/u/9381523?u=cb02d0f65c6a39422732250246c4796c04bf0210&v=4,https://github.com/here0009,2021-04-12T06:42:23Z
Mandyzg,https://avatars.githubusercontent.com/u/26874591?v=4,https://github.com/Mandyzg,2021-04-16T08:57:21Z
nnlrl,https://avatars.githubusercontent.com/u/53906037?v=4,https://github.com/nnlrl,2021-04-30T08:47:10Z
ecyrblim,https://avatars.githubusercontent.com/u/31342356?u=df5c546a7470c007990a41d45cf9a5b78f6213aa&v=4,https://github.com/ecyrblim,2021-05-27T10:03:04Z
jdblischak,https://avatars.githubusercontent.com/u/1608317?u=cf65e154dab68a715ed0372547b407c40a9729ed&v=4,https://github.com/jdblischak,2021-06-15T00:45:00Z
Wei-V-Zhou,https://avatars.githubusercontent.com/u/54735402?u=651ff1fdd5f8a565dc89f6521a92d4e1551cc701&v=4,https://github.com/Wei-V-Zhou,2021-07-20T07:41:57Z
mandyzhang6,https://avatars.githubusercontent.com/u/89951473?v=4,https://github.com/mandyzhang6,2021-09-03T01:22:43Z
joey0214,https://avatars.githubusercontent.com/u/3347437?u=61872fe98164106b353dfd7758a292db4b6dae02&v=4,https://github.com/joey0214,2021-09-06T06:56:13Z
Fanjaro,https://avatars.githubusercontent.com/u/78525771?u=1819eadd229d74627d3533abae95c03523a0f532&v=4,https://github.com/Fanjaro,2021-09-12T08:47:46Z
zctea,https://avatars.githubusercontent.com/u/10339452?v=4,https://github.com/zctea,2021-09-21T14:12:11Z
mathieulemieux,https://avatars.githubusercontent.com/u/4022327?u=e69c8010b5185820faac5ddb8078ecdc4770ebb3&v=4,https://github.com/mathieulemieux,2021-11-17T22:18:10Z
Mfpfox,https://avatars.githubusercontent.com/u/41930603?u=fb807a6d44bf85bd17651dbc919c365667bd1c04&v=4,https://github.com/Mfpfox,2021-12-01T19:10:29Z
mym88mym,https://avatars.githubusercontent.com/u/14037412?v=4,https://github.com/mym88mym,2021-12-08T16:04:40Z
taoshengqiansui,https://avatars.githubusercontent.com/u/63627442?v=4,https://github.com/taoshengqiansui,2021-12-28T09:05:08Z
Adomdenbu,https://avatars.githubusercontent.com/u/67528463?u=4d00e2d52c30a420286dd2470dcc2056e7dfbac0&v=4,https://github.com/Adomdenbu,2022-03-09T06:48:56Z
darked89,https://avatars.githubusercontent.com/u/367479?u=a170ee0eaddb8f85075537958d8281c4d0ac3a90&v=4,https://github.com/darked89,2022-05-22T14:58:44Z
liu5796796,https://avatars.githubusercontent.com/u/46392587?v=4,https://github.com/liu5796796,2022-07-20T02:44:42Z
tsjzz,https://avatars.githubusercontent.com/u/87801896?u=5abab7f97edea662a201bb78b297be243bed20ee&v=4,https://github.com/tsjzz,2022-10-04T14:20:00Z
zm-git-dev,https://avatars.githubusercontent.com/u/29561056?u=34dac672d08af0873ce9150afc29b58585682b23&v=4,https://github.com/zm-git-dev,2022-10-05T08:12:34Z
szbbas,https://avatars.githubusercontent.com/u/48474149?v=4,https://github.com/szbbas,2022-10-19T07:39:54Z
zhiyhu,https://avatars.githubusercontent.com/u/12580251?u=44ea552e43dd49590cabe595f2e171e22834b8f1&v=4,https://github.com/zhiyhu,2022-12-04T03:37:15Z
zyz-hust,https://avatars.githubusercontent.com/u/57433790?v=4,https://github.com/zyz-hust,2023-02-16T07:47:47Z
Ci-TJ,https://avatars.githubusercontent.com/u/47169253?v=4,https://github.com/Ci-TJ,2023-07-05T07:43:03Z
mmwsygmyr,https://avatars.githubusercontent.com/u/140212235?v=4,https://github.com/mmwsygmyr,2023-09-25T16:12:59Z
mrliuw,https://avatars.githubusercontent.com/u/23413030?u=429db5eae2a9cca1938c94fa5f057449e3cc3b2f&v=4,https://github.com/mrliuw,2023-10-08T03:52:18Z
jadewu77,https://avatars.githubusercontent.com/u/151996869?v=4,https://github.com/jadewu77,2023-11-25T10:25:29Z
jctourtellotte,https://avatars.githubusercontent.com/u/96550260?v=4,https://github.com/jctourtellotte,2023-12-07T12:00:24Z
sneupane04,https://avatars.githubusercontent.com/u/53987252?v=4,https://github.com/sneupane04,2024-03-18T20:22:09Z
MRaikar,https://avatars.githubusercontent.com/u/83161615?u=b44b7c76d213c99a866008a3cf347d25016eaa0e&v=4,https://github.com/MRaikar,2024-03-30T09:57:21Z
birdsgarden,https://avatars.githubusercontent.com/u/7742842?u=1186c53f0e5912df065fe454ce80f8ecb9a27500&v=4,https://github.com/birdsgarden,2024-04-09T14:14:14Z
xiaomou412,https://avatars.githubusercontent.com/u/138974486?v=4,https://github.com/xiaomou412,2024-08-15T09:10:35Z
xiechong7,https://avatars.githubusercontent.com/u/60686829?v=4,https://github.com/xiechong7,2024-09-28T23:39:15Z
kestlermai,https://avatars.githubusercontent.com/u/105265970?v=4,https://github.com/kestlermai,2024-10-22T02:06:03Z
ChipWan,https://avatars.githubusercontent.com/u/39009034?u=4cbfdce392286c81bf07ac2468f1b6fa50335e33&v=4,https://github.com/ChipWan,2024-11-26T06:47:39Z
wantoup,https://avatars.githubusercontent.com/u/138134633?u=76da82c255f80bfbabf77d53f386dc6253130e35&v=4,https://github.com/wantoup,2024-11-29T06:57:12Z
