subscriber_login,subscriber_id,subscriber_url
avilella,MDQ6VXNlcjE1ODAwNw==,https://github.com/avilella
jhcloos,MDQ6VXNlcjg0MTAzOQ==,https://github.com/jhcloos
ibn-salem,MDQ6VXNlcjE2NDUxMzA=,https://github.com/ibn-salem
temehi,MDQ6VXNlcjI5Mzg3NjA=,https://github.com/temehi
sba1,MDQ6VXNlcjMyMTg1Mjk=,https://github.com/sba1
pnrobinson,MDQ6VXNlcjQ5NDM0MjA=,https://github.com/pnrobinson
martenj,MDQ6VXNlcjQ5NDY1NzU=,https://github.com/martenj
steinha,MDQ6VXNlcjUyNTQ5MzM=,https://github.com/steinha
petkraw,MDQ6VXNlcjY4MzIwMDc=,https://github.com/petkraw
RubD,MDQ6VXNlcjgyNDMzODk=,https://github.com/RubD
visze,MDQ6VXNlcjkyNjcxMjA=,https://github.com/visze
hansenp,MDQ6VXNlcjEwNDk1NDg1,https://github.com/hansenp
MosheOlshansky,MDQ6VXNlcjExNzUxMzc0,https://github.com/MosheOlshansky
catkira,MDQ6VXNlcjEzNDI1NTU4,https://github.com/catkira
eemailme,MDQ6VXNlcjMyMzA5OTc5,https://github.com/eemailme
